,employeeId,Normalised_Premier_ARR,normalised_Premier_PRS,normalised_Premier_CST,Performance
0,50002173152,6.783930510627579,7.336786371979581,2.3040908993809985,6.726723390612747
1,50002230324,7.677679290539887,8.419810767677843,1.2627760226193974,6.556496243574802
2,50002197439,3.869868547021224,6.279739578307646,1.3259631493983826,4.2108750313366174
3,50002196382,7.767054908485857,5.936338063491257,1.5588480994665643,5.808850340014224
4,50002296403,9.772853185595567,6.840428502933904,1.9071853606942857,4.664444919930105
5,50002209278,9.829521829521829,8.10016633014816,1.5743891285920335,7.179951422975229
6,50002200243,7.927997119625586,5.785451906843571,2.995607665864155,6.066758379949623
7,50002282175,7.775561097256858,2.904881028423305,2.52074073723436,7.38286319425657
8,50002282351,8.187207488299531,8.84793046206841,1.6319864989233077,5.7795972419841934
9,50002231657,9.772853185595567,9.985274618446844,5.377275560363621,9.865431327177035
10,50002111589,9.708185053380783,4.751763807602423,2.166286731431865,6.570303237222556
11,50002278161,9.708185053380783,7.469101743413531,2.1639201038138847,6.984223771945146
12,50002063180,8.182952182952185,9.203585264402134,2.270688373404976,6.557607864765814
13,50002157364,7.291303705827255,8.272623373981883,3.3915135416527638,6.355414313487966
14,50002279800,7.648724535832009,6.6514072837418965,2.0169329691464712,7.824549076625564
15,50002168513,7.056865464915396,6.594799411125832,2.541196397715009,5.759010708919405
16,50002209992,7.092970521814059,6.05182990889032,5.306159542748556,7.405089840384941
17,50000035533,5.885135657366623,7.125087689098346,2.2491734190257335,7.153771498748279
18,50002110110,7.399615753794429,8.494642337056275,3.4380195962788065,6.536995483952846
19,50002110693,8.000000000185384,7.699256248357747,1.9585518592840951,6.83488293184346
20,50002109821,7.767054908485857,7.364544632957622,2.6501873483813108,6.498917640974028
21,50002192099,9.795511221945137,2.7924520680256277,2.0853703674131596,6.608897540480825
22,50002210004,7.928324586968386,9.469270109732008,3.8582909002816703,8.046869961635409
23,50002109566,6.38006230507165,9.084532279791052,2.543525546016666,6.227140211000342
24,50002004471,5.670549084858569,5.57552798338215,3.2623281055285736,7.094153781705124
25,50002291153,8.185383244206774,5.576244535749913,1.8422438401668617,6.112625420444067
26,50002196357,7.452950795425598,7.15363068666796,2.4935688801644815,7.768920082939005
27,50001980853,6.3883964545366645,6.836884845175806,2.2522606785510844,5.510104543989906
28,50002208845,8.069068723255437,6.549080134871665,1.6194359232593585,6.583657817074697
29,50002150756,7.628232116202566,5.198495825200078,2.6022513060340406,7.6927713985592785
30,50002210775,8.74542429312479,7.189150848488235,4.271665362816796,7.23676575440329
31,50002200025,7.523269012295119,7.048277531126181,3.5514800839651266,7.016796137028919
32,50002198925,8.633161851656508,7.289692231025884,4.956976066772944,7.67398138727971
33,50002305385,6.672199170124482,5.279360158440631,4.741385262491313,7.579377716310247
34,50002281454,7.068219634222962,8.538333839458751,2.3330929899382604,6.074462276651125
35,50002112106,4.786703601108034,4.953520833626138,4.1745220206672276,6.304158623461161
36,50002116371,9.659751037344398,2.4642809160974397,3.4849655341809824,7.801993802639732
37,50002278263,7.288903189365403,6.485454417252763,2.4772498503263556,7.2428888650970435
38,50002074339,8.000000000191097,6.626485600891491,2.154986942358858,6.597989283633043
39,50002152346,5.713097713097713,1.3220214483023134,2.359164212170455,5.857116472996722
40,50002286154,8.400665197354371,7.819596746641053,1.8058390956347283,7.094450553497661
41,50002301158,7.597078821673128,8.188219693499537,2.597068983732907,7.113110318777732
42,50002019903,8.174454828660435,4.956641467177397,2.808875119288154,5.802898606968606
43,50002286165,7.127725856959501,8.934971017235465,3.832134095755398,7.919134941520028
44,50002202002,9.829521829521829,6.839116119572189,3.1759223271786863,6.747777421497336
45,50002210942,7.092970521814059,4.4765562808500405,4.142961700630307,6.757232378505774
46,50002133331,7.928324586968386,7.364544632957622,1.838917906127992,6.799269918904216
47,50001996575,5.61129207383279,6.521050327366005,1.735410747249452,5.445729274230003
48,50002306112,8.335020066456813,6.838823596589713,2.464379882026681,6.608660085502509
49,50002196159,5.8704137389758,5.973361204596809,2.1602094861289824,5.679559470806315
50,50002074444,7.127725856959501,8.72558525342659,2.146850622692309,6.803898998881446
51,50002154028,8.19640508548882,7.590907123508166,2.12380003375029,6.539226431284169
52,50002197818,8.530835284765027,7.525125584830709,2.558501873210782,6.220327860529521
53,50002287708,8.000000000179552,3.691883744911025,2.245779300666357,5.341242871876027
54,50002246558,8.119880120167833,6.593829673412129,1.9495999329779847,5.686458232980863
55,50002283328,8.625346901017577,5.179400425979537,2.0412891664157033,6.34530270386648
56,50002014496,7.4610659799112335,7.699688414822386,1.768066962624851,6.1544375694101054
57,50002246881,6.863383107113886,6.838178911978586,3.671043255345863,6.314527805157273
58,50002246894,8.190692395005675,9.051232064253965,2.189314385125244,7.009488503447811
59,50002208824,8.296504369538077,6.83763480686234,2.301113334360004,6.7885030639726525
60,50002112386,6.14616755830303,5.404108452479141,3.120335136271211,6.769058439419466
61,50002107402,9.328339575502122,6.442459019442531,2.17347147373681,7.057116625645461
62,50002175847,8.686153423535064,5.974149245796703,1.8679622516752343,6.996394008599227
63,50002200311,8.338829224173045,7.469780908690594,4.100773559745989,8.826979700451162
64,50000055480,9.708185053380783,9.977413686091719,3.945674765406867,6.54358172108352
65,50002283243,9.772853185595567,8.412851560690374,2.1670484135907646,6.021395704645615
66,50002283139,8.77562326869806,8.412851560690374,4.6975929713398905,7.496307054625648
67,50002192715,7.092970521814059,7.889649143704342,3.8914532020564825,7.722827489778133
68,50002196469,7.641255605704036,6.650289753328403,2.813418781636474,6.195511046989555
69,50002196130,9.863560732113143,7.125371283037159,1.9572141319192022,6.152258666456213
70,50002153984,7.948298147691512,6.836269669540273,2.23247041869506,7.170691620756278
71,50002202066,4.456429685397818,5.402642091388192,2.3662377858621184,6.357231174272162
72,50002275757,8.272417706946651,7.469952171343903,1.6578361959161954,6.472309687412609
73,50002278165,8.785536159600998,4.951088091291377,2.422382545228176,6.738622160333787
74,50002171920,8.189224704336398,5.7841703113651475,2.9525892657492347,6.016403031771226
75,50002303422,8.243079001064146,7.741563968845673,2.4222938499932964,6.593328158534392
76,50002197051,7.597078821673128,9.19906308956861,2.1205389689017773,7.134482850784481
77,50002202691,7.6644571772472,7.892078386600162,2.8034758051817352,6.992090668416399
78,50002279419,7.944482997668286,8.777733779025791,2.2704259471337553,6.539043510127852
79,50002289512,8.354324002203622,7.741621702818754,2.2440736461784474,6.445909527249323
80,50002177799,8.413980465219174,9.418954988944131,2.0078551518710244,7.426727870466902
81,50002126227,9.006237006237006,9.991741646012118,2.5656996040819684,6.921642569860138
82,50002208973,8.18976279650437,7.080819903894769,1.8541171545076855,7.460617207011367
83,50002296918,8.465890182748751,8.416907371344816,1.5282899616199521,6.881788281787332
84,50002133434,8.191467221644121,8.419036007072927,3.597130928032192,6.766754943349154
85,50002210632,8.552004301693533,8.335494847903853,3.734622414352448,8.489105593017928
86,50001989297,8.186356073211313,7.566922081918906,4.010341074578123,7.568908845742376
87,50002126005,9.8140589569161,7.889649143704342,1.5795458380890963,6.62881640670042
88,50002169696,8.381022357260836,6.015809211083325,2.8408152781784075,7.447806622297897
89,50002118258,8.18140589569161,4.739101887623786,2.037038902129373,6.112632376102354
90,50002210066,8.897755611062344,8.413900043837344,3.3921711596023965,6.875202880101271
91,50002196181,8.748744064096895,7.657704780620651,2.5983156096158795,6.459400110080399
92,50002201119,8.186356073211313,5.138392694383473,2.592286677231769,6.140553324181434
93,50002292283,5.2557172553513505,8.730691435436146,1.479109027825496,5.1909249673213145
94,50002237685,8.836047774158523,7.7000083599987,2.6930768970355685,7.4380023252063
95,50002292985,9.445138269363783,7.892028172917762,2.0727437130004915,7.730884956263919
96,50002283772,6.604361370716509,9.98189984884299,2.477270929696405,7.332658480109503
97,50002285919,7.8883748259875155,8.539930505057788,2.3954301947339802,6.4809765955596745
98,50002198513,7.62408223172981,7.048626683244735,2.236641357575592,5.82069510579977
99,50002110553,7.033037872973409,7.188646164101461,3.589196684023166,7.5796861888794815
100,50002152660,7.0487514866111765,6.385816698286149,2.3734535232128384,7.422800505117333
101,50002279380,7.983014650170228,8.277138374343018,2.1694192794333977,6.33671343964803
102,50002197038,9.217168481771683,6.044743731515931,1.8658614080928024,6.09535471587187
103,50002109174,8.732722730907577,8.483034663650088,1.8774474746744754,7.013608463070633
104,50002197415,7.236417033773863,4.468664124121309,2.4632023551610773,6.324034060741991
105,50002223409,8.352681851738428,8.595961915632387,3.373446639157173,6.267645787529416
106,50002197893,8.601057092093129,9.148406255204323,3.6031659409541263,7.868633977610919
107,50002209455,6.392190640316969,6.106523021866695,3.8353076881947086,6.846345716829076
108,50002126225,6.820288446260251,4.830321501931575,3.191117209431199,5.989276412479428
109,50002232887,7.092970521814059,6.209357271694348,2.7460604898866317,6.743297827560836
110,50002209696,8.641254007491272,7.626897327349626,2.5136654736790027,7.841771558182655
111,50002164007,8.618311533888228,8.540154386847806,2.267670672183342,7.126564548148808
112,50002198965,7.383054015804768,9.578325359782276,1.0928673862505387,5.757799711693221
113,50002283509,8.457380457106028,5.087657492371061,2.5777720645956625,7.5143301931698705
114,50002154054,8.182952182952185,5.788240941990462,2.2070286190109325,6.14841696216945
115,50002199707,6.89042995814147,7.469871503266935,2.849452736096092,8.112030092692283
116,50002197720,8.246913580098765,9.829559391197575,4.033463378079595,5.765337477925184
117,50002212885,7.620474406706617,6.626874389012712,2.148717779313814,5.856726794114663
118,50002222162,5.410516643996157,8.002944311172005,2.817910884408942,6.615062383129318
119,50002014903,9.842610364683301,7.627413475101715,2.8553416255484043,7.31222699879596
120,50002173204,8.333119795141576,8.777965114426959,3.176292785867381,7.5118474984556
121,50002196047,7.063962558783152,7.469815113796322,2.9971405149941157,6.658156977807998
122,50002200806,8.335365082716,8.217718409694495,2.5522391434044707,7.072646318731577
123,50002197346,9.659751037344398,5.279360158440631,2.2325299049977416,5.6551492752187364
124,50002281700,8.633161851656508,5.492637312368268,1.7769273759646478,6.417724043854843
125,50002197409,9.081081081073597,7.469641224860173,2.7435022629908628,5.644293187707023
126,50002074285,7.291303705827255,9.419663198419105,2.446467552965153,6.738240694308425
127,50002207673,8.811051693404634,7.364547194397638,3.7169150083946043,7.30419449859369
128,50002236245,8.590179052115884,9.398486140957047,1.788755802978125,7.57534646764041
129,50002289629,9.344860710826127,7.786438570660412,2.2224390415688373,7.145564835711122
130,50002235950,6.765586034912718,8.18904212304199,2.1507624368663514,6.2697990468560185
131,50002278143,7.678858162001784,7.590599819054109,3.6152996545049056,7.0845609351631005
132,50002209170,9.367419738406658,6.626731880526936,2.4115945736213598,6.924492855908558
133,50002107702,8.102866828277621,7.242664133864846,2.013317907568884,7.451070484945106
134,50002209195,8.380283260596409,8.830313312410436,2.853150600348692,8.127263217361312
135,50002306606,8.997732426303855,7.889649143704342,1.818211437189016,6.754973012402711
136,50002242574,8.907029478548752,9.289892367228793,2.361672828388981,7.05988043030958
137,50002175980,9.209992193627789,6.719580033670925,2.246329916524429,7.500588739941339
138,50002210755,9.511273613650213,6.325628834606969,2.281230810917784,6.789981386094559
139,50002198223,8.18140589569161,6.209357271694348,1.9828369117414941,4.826608355490064
140,50002287643,9.897627965043695,5.482746394658085,3.833832216267674,7.3207192331459785
141,50002232690,8.465890182748751,9.995451475768517,3.0023282453758466,7.5134872633727365
142,50000068723,9.418655317439448,9.028340888553004,2.8086606790736903,8.43513827047876
143,50002299571,8.825242718446601,5.935022827698843,2.358528409999362,7.149908398988197
144,50002243332,9.8140589569161,9.990013978991017,2.715009373711734,7.064945572273441
145,50002236194,7.231274638633377,6.205601489572127,2.6207789237684005,4.204405185825797
146,50002152550,7.355086372360844,7.890276770041956,3.0187213320692035,7.2737036635616406
147,50002209687,6.809960927965011,7.529654007732321,1.9185526351457063,6.844279983728035
148,50001986406,8.069837820934275,7.264616564195373,4.097983255006442,7.389171392994381
149,50002292273,8.73975971967534,6.670778659510447,3.1399284585338636,7.2260743922408395
150,50002209220,8.92691622112656,6.487928242347515,2.105688362786267,7.170073642061191
151,50002175848,8.47156726740083,8.848772985239565,1.5479858894862835,6.77718222064804
152,50002285290,9.744548286604362,7.888042191909516,2.537400158977688,6.667160448203038
153,50002209585,8.100131422401901,7.567227685931692,2.2280826759872,6.59197355658071
154,50002159500,8.533604801425378,8.852198489955297,2.5872762061874086,7.250965882296514
155,50002106716,9.872074882995319,9.575269117749992,2.7514532822561044,7.719722939812399
156,50002275305,7.283245872199667,4.944110341612669,2.0657727862547377,6.550697981451748
157,50002201131,5.375256322397602,6.004595625625367,2.3150902324980107,6.344878228664125
158,50002107708,8.887656033486824,8.944530031721003,2.6257925581394073,7.44321938617801
159,50000022949,8.802582747564191,8.596116534134717,1.6575090083320023,6.776507115026556
160,50002177816,7.383054015804768,6.6514072837418965,3.0610829688559242,7.590467040908328
161,50002197776,8.290214677104009,8.918375625157246,1.5608909250414893,6.789502757022169
162,50002283435,8.000000000188626,8.05325289802767,2.6915079341748536,6.146631807676407
163,50002196528,8.000000000182952,6.839116119572189,4.401870869397885,6.651608487736863
164,50001982243,9.795511221945137,6.390178775567218,2.5117332986475267,7.07162148005513
165,50002198266,8.129892846107213,6.836224792606601,2.726271666673136,7.154388345855809
166,50002286319,7.46297461728047,9.99715532675599,2.8362473556921373,7.206990024161138
167,50002289838,6.38771593062572,9.091937534294185,3.3156150734847243,7.125981556670538
168,50002117879,6.111685994647635,9.700598277109693,1.7725748083897028,6.510255459466809
169,50002197536,8.293441179140778,8.965586726592797,1.6783140261682372,6.931456116183428
170,50002211256,8.436137071389407,7.888042191909516,5.026945335521467,6.552061867576681
171,50002105870,8.174454828660435,8.187164710739115,2.655680281969909,7.3559134283988445
172,50002200171,8.576645843327247,9.120993401761126,1.978623819288643,7.718571198215631
173,50002281643,9.863560732113143,7.469780908690594,2.461924379593505,7.012307722726445
174,50002196332,9.174743024991482,6.108985692168298,2.489506914883153,6.5447235722507875
175,50002176769,8.18140589569161,1.3260090247694825,2.247987248403982,6.718475762599072
176,50002199859,6.353779184576178,7.469397726036491,4.177111804604722,8.212242325864294
177,50002279178,9.158645276320144,6.551682353574272,2.0353295998355465,6.721340404354292
178,50002107529,8.997732426303855,5.789284302116575,3.9417404707487265,7.234279548466495
179,50002211709,9.240756746400997,7.8914369087560985,2.5510906982145114,6.7279959937584675
180,50002290837,7.389736476765604,5.573881963974579,2.2375257034259186,7.470817052504255
181,50002230129,7.467554076658902,8.732616192229557,1.9060360492553916,5.921696201347596
182,50002165658,7.627438732732043,5.635071507932634,3.1429730057208034,7.34836343360822
183,50002109180,8.27299519135722,6.837356141616349,2.2414149318223684,6.458650505139017
184,50002105876,8.795407164801949,8.16498227689658,2.7062542519286876,6.689593688659338
185,50002199357,8.957336108316337,4.728270491334117,1.7527128139490813,7.811713975501245
186,50002278287,7.4402798601959015,7.138175305644607,2.131767260462042,7.7313933794772725
187,50002197041,7.481697440997731,1.8886067472692694,3.674131369492646,7.839776573631244
188,50002074128,9.237238451456506,8.312757367964085,2.175866142368962,7.046827571117367
189,50002065540,4.916099773242631,6.839466722910459,4.268287444152262,6.710990651447549
190,50002107169,7.955914768314474,6.3844024591139785,2.1392344464296977,6.178690989896964
191,50002199353,7.925464391509463,6.015902733870255,2.3346493944503255,6.053410792062989
192,50002200073,8.62305295916511,6.212956062593794,6.863516366646076,8.068128016924895
193,50002231594,8.853658536585366,7.832167396798166,1.8553488022295483,5.792813762693887
194,50002289578,8.570409982559715,9.293108890170242,2.9155726807447273,7.3564973312134825
195,50002278524,9.334846765011124,9.334197939161541,2.6992558855690287,6.952913991832326
196,50002286270,9.872074882995319,7.081115909762471,2.6611420402864456,7.5173167328324535
197,50002274898,8.594376481538719,7.470046915438752,2.017804905867764,7.34067910682715
198,50002296889,9.0374479889043,8.944530031721003,3.2435551907720606,8.442111573839043
199,50002199877,8.594376481538719,5.950565293121752,2.125289761641336,7.3959936509008575
200,50002158281,6.803238296754662,8.092280113499417,1.8042689080104193,6.524011330956041
201,50002110474,9.481648446575305,7.062929100916726,1.6816786662249408,6.28852038239229
202,50002219264,9.204281891197502,7.124756000597554,2.3890767368177714,7.618100903522502
203,50002224294,8.62305295916511,3.7003268717609967,1.6847724746180766,5.5762471311818
204,50002116089,6.814097716232944,7.699387321583432,3.7960492024993666,6.293648606792513
205,50001982291,7.762796504369538,6.626874389012712,2.327629785935583,6.931025839142013
206,50002285091,8.460652590894433,9.993183110637718,2.810708381093961,6.61133816397892
207,50002235960,8.427046263088968,7.887153735950156,3.0376287272895226,6.86686091703933
208,50002200224,8.12007684947166,8.563133998314271,2.90459629256594,6.165898611780413
209,50002313807,7.501557632510903,4.956641467177397,1.9149277199057404,5.943466661281629
210,50002168537,6.745444769970488,10.0,1.9997600097125587,6.775100024680814
211,50002172066,9.312305744203064,7.100705834370048,1.941356679692946,5.891059531347608
212,50002198062,8.174454828660435,6.841113360301993,1.5451742489256601,6.072640706630905
213,50002296892,7.767054908485857,8.273403360129702,2.460926767657644,6.413702705804919
214,50002209695,6.37350604244722,8.139670714595525,2.392064529519141,6.9492286713865745
215,50002110107,7.759846301633045,8.023762173027261,2.3852838933111737,6.8917865595687005
216,50002199351,6.536382536382537,4.474646974742242,4.23440652848773,6.83261469083101
217,50002299174,9.853832442067736,8.846830149452877,4.257946127549827,7.693132978920943
218,50002281652,8.436137071389407,5.79418452869447,3.3311975720977833,6.037717611542737
219,50002232238,7.4610659799112335,5.483596749623504,2.9842980599491944,5.405276830709215
220,50002289609,8.806142034548945,9.993183110637718,1.5675790386283435,6.247540600206033
221,50002130969,9.08881521548714,4.31533598535131,2.7974199221847957,6.85118102560363
222,50001981269,9.423220973744819,7.767460192002036,3.2765942914064428,8.260800010983655
223,50002205475,9.209252869358158,7.99573031702503,2.1159522938378985,7.461211168362688
224,50002290875,9.659751037344398,5.279360158440631,1.896228555167589,6.623474229743529
225,50002208966,8.000000000187958,7.89106344214411,3.660892763500358,7.883223836081502
226,50002026260,8.686153423535064,7.767824957766681,4.666386217814454,8.523825172046926
227,50002196105,8.12007684947166,6.204281221548085,1.5486800255453672,5.5164803019614705
228,50002233356,6.712948517940719,6.838178911978586,1.958633662639867,6.269022526089383
229,50002201846,9.592039800995025,8.403509226998414,3.0757788322926136,7.279946378552427
230,50002153022,7.928324586968386,6.551355250805065,4.972968715846354,8.188342558494092
231,50002288975,7.578114699804877,6.383977129286033,2.721949114849868,7.382560778762887
232,50002178666,9.744548286604362,6.841113360301993,3.6498749323188475,7.276528038647818
233,50002283026,7.053876478601841,6.108348143672732,2.1591816814450184,6.816380549977936
234,50002232654,7.270573566084788,3.691883744911025,2.516798152812925,3.623092453530781
235,50002298771,5.659906396255851,7.6995010030695505,1.4096602538898741,6.366338479524888
236,50002282886,7.448078981925062,7.470046915438752,2.7532528126772204,7.714822509138784
237,50000031874,8.393434246966343,6.837356141616349,2.4673163696653075,7.858315290357642
238,50002211699,8.899278278288817,8.002693350014633,2.122241458125123,6.432664087201531
239,50002279400,8.000000000181407,6.209357271694348,2.5142801163794744,6.730068937149765
240,50002107400,8.580390483694869,6.386448912094146,2.3080574874893562,8.209034947894729
241,50002278613,8.446962055035305,7.336728469516904,1.992601602408783,7.390294805837443
242,50002106536,8.665557403966723,6.838363266921112,3.328100688230242,8.795560312907769
243,50002297300,8.631505898681471,8.256367029803723,2.158778705153697,7.039848539197525
244,50002281096,8.000000000193975,6.158220240026939,1.4159269609480059,5.668255283822612
245,50002028483,6.883748255605493,6.205353546990645,1.8248140124079133,6.949099407351344
246,50002276091,7.291351996177389,8.164945168086934,2.437142974894185,7.304751648632616
247,50002105523,8.335020066456813,4.47305396105371,2.7825952331263384,6.301768368861895
248,50002196567,6.389934727005203,7.891783792346533,2.756181922019552,6.359105779121353
249,50002133421,9.053069719042663,7.628157681819823,1.7996541092479066,6.818427999871706
250,50002281694,9.237238451456506,8.312757367964085,3.4049785667709576,7.732150351318284
251,50002208391,6.061902447308379,6.838575825692225,2.585450245161214,6.484410183123228
252,50002197794,8.17081850533808,4.960789800735345,4.306016450109473,6.40016828341856
253,50002107014,7.0379278448769655,7.188714265523786,3.4763104289443962,6.91048171240131
254,50002152928,8.041993990930889,9.299052572634903,2.8350815842315398,7.191174383730337
255,50002109033,6.332739579391521,9.987905476812786,5.8648965795413055,8.448302446100218
256,50002198053,7.321087435709037,7.8110902894327054,2.520947715822094,6.8158550249043355
257,50002275640,6.525911708253359,3.684464082541709,2.9053594268707044,6.449346097308296
258,50002281873,7.0426638920665985,8.73538733717417,2.1460125801407424,7.374191887342402
259,50002135752,7.928698751971479,9.293108890170242,2.5322752416562913,7.988953886687712
260,50000061622,9.170046801900156,9.469996421657944,3.1163488569874054,6.928939568155039
261,50002284635,8.179551122194514,7.289610446156593,4.869858771831655,6.457533137311729
262,50002196411,8.193172356369693,6.836929572806668,1.2989034027694866,6.566175068848695
263,50002199708,9.021610182949535,8.579277299333576,2.680277713741122,7.366675137445416
264,50002231514,8.553174467474484,6.837356141616349,2.2607721104912093,5.253790309835553
265,50002153968,7.032006245411397,7.967592967620818,2.6966816333909556,6.535568751258021
266,50002196329,8.418880657609277,6.485362527884043,3.098186459105902,7.228865948050173
267,50002159096,8.72893785683758,8.456008809118325,2.5928727718297653,7.580580768607569
268,50002161304,7.646089286935639,6.837144161193016,2.2471614373390505,6.159213240447477
269,50002163916,9.772853185595567,6.211459279831314,2.18583159414002,6.027059667541381
270,50000065809,9.477866061293986,8.192822977724184,2.3014209192669624,6.923734932148428
271,50002284988,5.68270944741533,7.125469297810181,4.7690154085277765,6.971283824192321
272,50002152628,8.742293249183476,8.494642337056275,2.7192836436229033,7.380310397136183
273,50002202636,9.116890227234162,6.842023757743985,1.0,7.20021228103294
274,50002201081,7.439025945176259,7.022726961550516,1.87596341583686,6.2322235390893255
275,50002292745,7.764216366158114,7.364538748977372,1.568769670335213,6.307549985286977
276,50002196292,7.765051395007342,7.740628306175058,3.275722054308003,6.508517596279519
277,50002229811,8.391281233190856,8.37543291727404,1.9584506573783547,6.679035272625097
278,50002153041,4.848484848484849,7.469741470663383,3.27260880925253,6.604283076140485
279,50002201091,8.443213296132964,7.469397726036491,3.162121032104919,6.020044756100904
280,50002202103,8.436137071389407,8.41150660457249,2.876465882924915,7.502859854280377
281,50002014506,7.563356912295869,6.261814215485931,2.9850240889556323,8.396215209164259
282,50002296331,8.641254007491272,9.987905476812786,3.1731640639601357,6.728391236516483
283,50002210961,7.291303705827255,6.552063643634767,4.653688195083516,6.787493056367939
284,50002292456,6.381434970841449,6.594449709829909,4.428110910046624,6.2107136493935915
285,50002049165,7.648724535832009,8.24302233980546,2.6280342340318614,6.083839214544131
286,50002235807,8.436137071389407,9.98189984884299,5.689199244679132,7.87328338991119
287,50002176684,6.876179900055524,6.678056758030315,1.9796965435985718,6.575393866999124
288,50002229111,8.570409982559715,5.786633081969747,2.554130523989472,7.415328680093483
289,50002292207,6.742203742203742,5.788240941990462,2.020407733279151,6.434647938509114
290,50002290358,9.8140589569161,8.729795076558794,2.5048356128939133,7.366292555186437
291,50002286580,7.659300784543729,7.377402202712257,2.2625317618086846,6.866310581431294
292,50002131856,8.19293712316968,7.590620984892979,1.3570456417427472,6.6833832406333595
293,50002198030,8.687194396351527,7.590577029635035,2.5427294593698764,7.773519252563402
294,50002175655,7.056865464915396,8.312533518623551,2.100740029761125,6.82014564455816
295,50002106724,6.387067477898102,7.28919904024877,2.533286614741336,7.272618053169521
296,50002052378,5.2557172553513505,5.979309160108663,2.9871616276439426,6.95241126248701
297,50002279336,8.427046263088968,6.842023757743985,3.7135381381432095,6.983930503083434
298,50002289945,8.481036077417206,7.767869430220391,4.500203700529218,7.550652843266207
299,50002110861,8.775900073766348,5.705855801852861,1.8028361968697222,6.231452951532848
300,50002168523,5.61129207383279,6.3101797866411475,1.8135145017489935,7.180187224332704
301,50002285571,8.427046263088968,7.469101743413531,6.108484215423539,7.509506403139076
302,50000019671,9.233329777045215,8.53940406243494,2.7820465080293637,7.013422278577073
303,50001984346,8.354767184195122,6.440547059036794,2.8429100386391255,7.714680548128073
304,50002281560,8.55424722091155,6.204576696364235,2.769465585229917,7.787837276566034
305,50002131134,9.423220973744819,8.593971641244336,3.919614183631385,7.356149273530679
306,50002279288,9.744548286604362,9.98189984884299,4.8274792222313945,9.043845968219681
307,50002200110,8.732538330396366,7.716541899062164,3.0586948723465626,7.102531476064486
308,50000080013,6.901194353963083,7.76766736297671,2.9451674050781858,7.387572113874038
309,50002014428,8.893001395515606,5.256931657183106,2.5874909687420793,6.225001291766013
310,50002284858,8.067128172734215,6.311494527105628,1.4700514236711628,6.483345530085737
311,50002290444,6.576779026122347,6.205353546990645,2.6934736816818203,6.080156222992741
312,50002235964,5.650513950073422,6.386712095090154,1.561014223723746,5.853207225378406
313,50002221191,7.8152155566519035,8.327399803491893,2.579208338273924,6.783665474227844
314,50002288956,9.829521829521829,7.189407847534514,2.254979264855343,7.381940973273888
315,50002236070,8.174454828660435,3.7003268717609967,4.1332392539714675,6.289626157383995
316,50002116218,8.305224304372516,8.06856170399132,1.3485397451397747,6.559160506897815
317,50002122382,6.638167157430948,9.293876318948447,2.318320617535261,5.430774325108331
318,50002282901,8.335020066456813,5.2616438395657115,3.789067325876139,6.9383017010674095
319,50002282928,9.902497027348394,8.19268056509205,1.8936147249089954,6.543181626683457
320,50002196285,6.8808841013079665,7.66964102287023,2.7882048893985694,7.803071581144967
321,50002218084,8.443213296132964,6.840428502933904,2.0440164371723686,5.809243054584417
322,50002202065,8.966962127413376,7.382721373014858,3.699450772917904,8.065498298906455
323,50002110539,8.698716487812867,7.503491935372909,3.1471875025175646,7.1784339072005
324,50002241183,7.612802497758001,7.723350971712787,1.5194315772793376,6.363493184554894
325,50002205936,8.190692395005675,8.734976085671953,2.2559097053553567,6.209607722207238
326,50002244077,7.022270505453557,7.954716940956711,1.793793718158197,6.509476553539519
327,50002292966,9.842610364683301,7.189307989843368,2.6176963074923725,7.2637403675489
328,50002201094,8.000000000181407,9.289892367228793,2.7578405064395106,6.040003690175892
329,50002289803,5.8193146417445485,6.841113360301993,2.6945993789551244,6.963683496916056
330,50002106619,9.118145980161893,7.891326196078576,2.142357905600127,7.651658180733811
331,50002073859,8.8208090541114,7.837036994434542,2.625154750224137,7.234017589604478
332,50002275526,6.638167157430948,7.566922081918906,5.006661803419734,7.9584913023408905
333,50002280716,5.968633308765604,7.891202514105225,3.040656526351087,5.5999390352781635
334,50002276276,9.287676119124596,9.999041106220808,3.8962845514251585,8.224373102248133
335,50002111258,9.078327727054301,6.081821292577081,2.2483160890314435,6.4473980037607115
336,50002287662,7.80963712097561,6.610256854624908,1.706339869033498,6.5983137818690585
337,50002235261,9.829521829521829,6.552513801852763,3.3419291193109055,7.770908975780646
338,50002211537,9.170046801900156,7.566989911646605,2.6507366742325806,7.796657388378463
339,50002197353,6.340101326372124,6.203177858672454,2.2177554170352636,6.000780081915456
340,50002197193,8.633161851656508,4.481793916299196,1.9021486334573834,7.2970402997731885
341,50002213348,8.000000000191807,6.62628024331609,3.7484484223907883,7.1752272242587125
342,50002289602,8.187958883994126,8.41758641171751,3.513065340235482,5.84630198257422
343,50002281916,8.662083014666667,6.487928242347515,3.4738562307294156,6.354139881218019
344,50002198928,8.763239875389408,6.841113360301993,5.53329427683482,7.6983762530474955
345,50002208664,5.9976772299662,8.126843243229484,3.239111284643339,6.036753857069767
346,50002283784,7.4934705185152355,2.4376439412157844,3.963888925053572,7.012060607402923
347,50002289614,9.013435700575815,7.189307989843368,3.897817310764961,7.044694726695082
348,50002196131,7.2163918041959025,9.054566771437031,2.71092985025569,7.627549558100414
349,10000181438,9.367419738406658,8.313138156212446,1.7480379739936303,6.312020130102796
350,50002280875,7.888691350791065,7.364537221739485,1.7680619259783608,6.743085869336618
351,50002301915,7.11990489780887,7.034562029442948,2.121603746459734,7.305487481821151
352,50002200890,8.62305295916511,9.98189984884299,2.4255418319636037,6.8575600370954515
353,50002278708,9.772853185595567,7.626640031812138,2.5101589742162247,7.3629584291144585
354,50002278923,9.287676119124596,6.279739578307646,3.358046612232457,7.504043144871839
355,50002281853,9.324572930326411,6.837748253721862,3.1475325266905596,7.298270823009203
356,50000024272,8.101117346589817,7.767824957766681,1.8125182889892644,7.029068611627791
357,50002218057,7.677335414685402,6.6860763327435,3.6758507457254246,7.301587399855293
358,50002291175,9.121325615699876,7.2892642754894865,2.799119197695651,7.596530406962037
359,50002291180,9.795511221945137,7.469496784052081,4.218507974332157,7.753083313683189
360,50002310443,9.006237006237006,8.10016633014816,2.7645091665687453,8.393197317768612
361,50002197509,7.578674445212121,7.125469297810181,2.247964023113753,7.409483257898479
362,50002211736,7.231274638633377,7.023673774448685,2.2383473169624555,6.938840725196346
363,50002196367,8.000000000181407,8.189701259430386,1.89328724922113,6.310954132426982
364,50002285019,8.897755611062344,7.469496784052081,3.978701358078444,7.077753787823395
365,50002198061,8.27299519135722,5.907044920255987,2.5658794486007235,6.063389579482665
366,50002271564,7.89740220127766,7.451277428536779,1.3901466665794966,6.015046317903396
367,50002201500,6.717237125861239,7.1535512705785,4.43537582721102,7.584023613357962
368,50002208880,6.827429768230327,4.946207888160911,1.890422405084998,6.555425666554555
369,50002289268,9.744548286604362,8.187164710739115,2.2862737905211574,7.558633567629235
370,50002290598,8.271039436256736,8.121067062462135,1.8356211545364551,6.908130218059387
371,50002202603,7.887590215643865,3.3413445100953805,3.7138646183876682,6.577164710956682
372,50002111668,8.069068723255437,6.836884845175806,2.0295464192381294,5.967849308103526
373,50002074448,7.230106574001428,6.325964973232489,1.3249483151934338,5.809118627840169
374,50000061442,9.001366997781838,7.892485474385852,1.9093678267602288,6.942534175851012
375,50002235836,7.4005994003116875,6.837208950855773,1.8200068417846693,6.549155209332907
376,50002155502,7.046538025257663,8.023400133862424,2.087352446393329,6.9288442435126205
377,50002296783,8.592877239129349,7.15352870974981,2.0858871453011014,6.425820924561122
378,50002290684,8.653400653047816,7.189407847534514,1.8319487028364945,6.923020363961122
379,50002201562,7.765051395007342,6.108985692168298,1.8568536975516055,5.878192517729735
380,50002304106,8.177285318559557,6.840428502933904,2.6025559537046785,7.284924929553629
381,50002202510,7.928698751971479,7.469741470663383,2.590834176727826,5.862735197570291
382,50002200044,7.334126040428062,4.5789528251562235,3.673343250914916,6.519786327517581
383,50002222137,9.902497027348394,9.00101440307123,1.6716960884346759,7.256126945989962
384,50002286396,9.01785487081386,8.27590840935992,2.165780353698917,5.95028164458714
385,50002281453,8.957336108316337,8.313585561596838,2.767082620970955,7.5303421025137105
386,50002287783,8.577473291842928,8.841394117050452,1.7789641235856384,6.296917645815848
387,50002196038,5.78393351800554,1.0,1.914269093593254,5.504110178521845
388,50002296971,8.416974329830168,9.335048932874857,2.4555882253389023,6.711395103238132
389,50002293341,7.091626479614204,8.456210728996075,1.8130121535916275,6.47118157417617
390,50002301335,6.672199170124482,8.720012565748975,2.7113907657458896,7.948119296979334
391,50002196300,8.47156726740083,8.192153230715462,4.80052979282421,9.071303549877568
392,50002302398,5.7556109725685785,7.626897327349626,2.921523378124382,6.430153949459325
393,50002020663,8.6278101582015,7.810956254753133,1.668211547510329,4.9234202989100275
394,50002297279,8.066859817129483,7.364542411387912,2.2795788283353433,5.65220378396752
395,50002292479,6.540589845162836,8.002867607443916,2.357011577754066,6.41451920471841
396,50002291166,8.45372570007955,8.236538007935845,1.9763268236152294,7.186706826248894
397,50002169209,7.2696989105650225,8.194099396159224,1.744327114069093,7.45383677024884
398,50002157355,9.158645276320144,9.99440405054801,2.0476735851411507,7.601049921867567
399,50002196359,8.18976279650437,8.81351374396138,2.887718522475371,7.105019331726073
400,50002281109,7.832937430237698,8.054623951330111,2.5125946330244755,5.894972153751995
401,50002212005,8.287086498407254,8.622087030204458,2.3422523334473375,6.869204848499283
402,50002107037,9.348795718079929,6.6863147637931455,2.0877463732578603,6.929201264842195
403,50002286169,8.654469731200358,9.041060410663345,2.2613939699948853,7.069274653549473
404,50002119413,6.185941043446712,8.189701259430386,1.2974106271808468,5.7395811915610455
405,50002286026,7.078694817934742,8.731439305018519,2.5908454973934334,6.452142166768901
406,50002196406,8.675802515122207,6.205601489572127,2.743827686424541,7.918321277182281
407,50002292284,7.386061540369537,6.205353546990645,3.140981233925373,7.340627933518088
408,50002312102,8.25110814189875,7.601161759554756,2.2888908015476517,6.748224183941136
409,50002283340,8.49033474746629,7.204836441742526,2.4506936656368903,6.403380282440752
410,50002200008,6.136439268259568,4.733637796460901,1.9823011144893583,6.457100011200888
411,50002285273,8.479520479232766,8.102781208749596,3.431290689537423,7.180963752966697
412,50002297150,9.110340041621097,8.222240405866494,2.486796253367806,7.304319188127646
413,50002342372,6.686210640608035,8.418885212868071,2.0446688104724107,6.247604819287527
414,50002202546,8.427046263088968,8.409718721917852,1.943050526452088,4.785497631381345
415,50002202815,8.979510244975513,8.57924132853535,2.0167656183791296,7.07354765375892
416,50002295412,7.956269447245144,5.7821945753110775,2.620556706692696,6.920606759970839
417,50002161164,9.892247043363994,6.837748253721862,2.506433275014635,7.771736829394884
418,50002117873,8.55777266574844,9.738276821342648,2.1908890674252337,8.145963050510566
419,50000025739,7.246880570409982,3.051581955865287,1.9962921484405176,6.4156928741789425
420,50002154039,7.775561097256858,6.210292437671729,2.1506560665357597,6.21362243142597
421,50002281248,7.340804218829269,7.954624661786216,2.7922072269092704,7.163558252285943
422,50002289138,7.113573407468144,4.953520833626138,2.1449270901250364,7.370302563794447
423,50002296130,7.265012945728556,8.51191633247366,2.6756686176226028,6.850692915442076
424,50002197822,7.755955839628123,6.2902983739914,1.5822468177707127,6.813676159348202
425,50002153010,6.667676003028009,7.249803647885891,2.283850511773185,5.661010801455295
426,50002276020,6.933577087141987,5.396662447436372,1.8683566888579302,6.147680923971629
427,50002275350,9.872074882995319,6.838178911978586,1.5264478790615703,7.214578345302023
428,50002280836,8.192122958693563,7.540325204539759,2.0249500978690005,7.394902594335363
429,50002213521,9.320388349486269,9.025555226842208,2.110979262059575,5.7254219125825685
430,50002292198,6.672199170124482,7.46886623581867,10.0,8.981186692051203
431,50002299829,8.323291697152094,6.938913697123384,1.0463690122358562,6.269003031794886
432,50002236335,8.675802515122207,9.095415267639277,3.432469893993245,6.757780181652557
433,50002209569,7.23370319001387,5.136345917904027,2.029398386920184,6.04801499037324
434,50002285853,9.18265440213088,7.5671483637709915,2.592780364191733,7.280479182236762
435,50002282974,7.481697440997731,8.729795076558794,4.870786058048636,8.113637284274265
436,50002196059,9.00035684585845,8.193609590923657,1.8063128201108536,7.5608843546750535
437,50002278932,9.795511221945137,5.790557653446271,4.281378167046218,8.215664336314063
438,50002067055,9.135272028635926,6.837144161193016,2.9697544134393987,7.986402372468756
439,50002283301,7.452950795425598,7.1887808372689985,2.302556566452527,5.9974110826630405
440,50002112203,8.133650056333082,8.054623951330111,2.2927640621533367,7.735328457145594
441,50002242772,6.814097716232944,8.273403360129702,4.070400538844533,7.846143559693653
442,50002282176,8.8004158004158,8.272127720779814,2.649592504733671,7.690344436362729
443,50002123474,9.299241861144226,8.419036007072927,1.9762764332493485,7.511244008823244
444,50002289233,7.703518524507307,7.83234096598345,2.448056644970575,7.568612586931977
445,50002175850,9.952353282975015,5.942961290510608,2.708017547176246,6.978238264288496
446,50002209593,8.35455099456429,8.292024711087235,2.093374668416565,6.79047857900931
447,50002232772,7.759846301633045,8.419301510305344,2.011865488457458,6.555948369778348
448,50002107125,8.000000000179552,7.469496784052081,3.2803645407378075,5.742752135778646
449,50002116403,8.188626907073509,7.125146129613795,4.579905152677962,6.559091279089479
450,50002200517,6.915866741578422,5.255243628488497,2.7351052560106863,5.967794589854822
451,50002293023,9.061111163811198,7.377402926187515,2.7515531321416953,6.330342604070172
452,50002364786,9.853832442067736,6.838575825692225,2.009469040171455,6.683653287573027
453,50002133343,8.159203980099502,3.7285385228008106,5.005031000333058,7.8690236282614805
454,50002361279,7.926827037146254,5.65177824785086,2.39750598104857,6.7896146234244625
455,50002288991,7.767054908485857,8.416907371344816,1.7788993680864174,7.367589396322261
456,50002292990,8.186356073211313,6.551355250805065,2.817623107598428,5.968424358628144
457,50002197423,8.570409982559715,5.786633081969747,3.218821374210524,6.352781475368946
458,50002283745,8.527035261620965,7.188535390673889,2.113675286487218,6.391061801998573
459,50002289572,5.902383654651531,7.153696192761893,2.0252236555359278,6.759526260431629
460,50002206117,8.187207488299531,7.048724310479044,2.589564900470025,7.304195439410243
461,50002290966,7.753607884547694,7.972647962077922,1.5343779281260916,6.968903864654687
462,50002285303,5.940717628424337,6.487269908161461,2.9447356197115564,5.980587048075323
463,50002298737,6.5023400936037445,6.551071550387052,2.653064198559724,6.83769860479322
464,50002311081,7.225361765333334,7.169984827678149,1.2292434624073216,6.421875130112381
465,50002109828,9.370601589103291,7.080714040939064,3.0628102065723235,7.093553938104694
466,50002285998,9.842610364683301,8.591245550240544,1.411129808710092,6.661053408450774
467,50002347915,8.06758025142707,7.5671483637709915,2.464961418643706,6.838405057592304
468,50002052026,8.427046263088968,9.977413686091719,3.9105735963269295,8.108327219181309
469,50002283294,6.56359102244389,5.790557653446271,3.9234456007314837,7.091128280856266
470,50002123475,7.76023976023976,6.987872316096059,2.503858267694873,6.946774458002124
471,50002292221,6.783694937638396,5.7808702195061255,3.099850979365876,6.030333341231063
472,50002289427,5.335893435413417,5.976856820887623,2.0384341165124926,5.875563335403676
473,50002304023,4.5109034265295955,6.212956062593794,2.1324134175700653,6.634908941918029
474,50002289729,4.889812889812891,6.050959737962206,1.9194095433200449,5.55264665592196
475,50002200816,9.299241861144226,7.628157681819823,3.0890839740839455,7.640832285586274
476,50002297171,8.31745097893787,8.147982347995402,1.7990933968418483,6.929620141097427
477,50002275753,6.858821061826727,6.108985692168298,2.462034437134328,5.058174137011779
478,50002282179,7.3715710723192025,7.626897327349626,1.8054745630964635,6.033168197721203
479,50002298793,9.454812637727555,8.595961915632387,2.6467004076696465,7.603467210775843
480,50002016928,9.892247043363994,8.023023436502616,5.1580320659684675,7.444666912328051
481,50002107011,8.460652590894433,4.47305396105371,3.3982272402668774,8.434588581486214
482,50002213579,8.194309507286606,8.037956632805106,1.429458580648729,6.983713567407893
483,50002197512,8.241029701478885,5.49082256437162,1.5565827150965563,5.515579661487718
484,50002128130,8.030384875084403,7.4125110914340215,1.5589364665474856,6.421892327382341
485,50002111481,9.111218288784336,7.3239199321308845,2.226670522916858,7.446980003948779
486,50002231515,9.853832442067736,8.10090711563454,2.457802032691804,7.493295133165274
487,50002107891,7.171737353398602,6.261948833056049,2.3104778283550362,5.94209263469531
488,50002236192,5.286300532281499,5.080462553985342,1.7452801209675286,5.63533899816845
489,50002289817,9.853832442067736,6.838575825692225,3.1356843833087127,6.1991222133599795
490,50002303515,8.683811505502602,7.669782854502134,1.403884369550263,7.016053289149574
491,50002171108,8.337060444163994,4.256534551384009,3.1117263123703247,7.028161119300494
492,50002288209,8.437075794856796,6.74605247946396,2.48817139932762,6.5950004361303
493,10000181063,6.8006230529595015,5.79418452869447,3.913294524280993,5.236807580569744
494,50002278457,7.4934705185152355,8.412851560690374,2.35651872797428,5.744321738296271
495,50002171898,9.93392425463336,9.242932247378901,1.1049301352157732,7.029354031788568
496,50002292549,7.470333588099821,5.260661713264335,1.7188982997213444,7.70684618578081
497,50002283402,8.9349192332316,7.3474966092730405,1.1434131136517691,6.792462521515959
498,50002207677,7.127725856959501,5.270720116031495,3.1849143632005688,5.65799530731603
499,50002282402,8.351622591909752,7.188646164101461,2.0256870793368016,5.758532499106801
500,50002288969,7.127725856959501,8.187164710739115,3.3299423554283964,7.53670279514194
501,50002292043,6.315516682630385,7.189527531942118,2.6968186628616944,6.198320354196193
502,50002164006,5.732426303854876,7.469576174126571,4.057092594825104,6.311270718960074
503,50002014977,8.000000000186356,5.0343128600614016,2.2860593735616987,7.359357843663062
504,50001996603,8.322987635500379,7.7233768599576,2.844292093919302,6.846532557441977
505,50000075116,9.013435700575815,4.946207888160911,3.231420704638339,6.884285761307722
506,50002279369,8.963425513031222,6.837028940724973,1.3392875799243829,7.243475085737327
507,50002276764,7.885092027002841,8.003715950618483,1.460396424278369,6.458845772707832
508,50002307047,8.39554726820365,9.368595919772739,3.049193587890564,8.103984337984247
509,50002288919,6.395290564373048,6.140583372122238,2.0870756039569525,6.6701373426289585
510,50002197602,7.083634540442095,7.9887215358136165,1.231677189112244,4.932715936530904
511,50002284968,6.509151414309483,6.838363266921112,2.1305662596068515,6.586768045957134
512,50002289956,9.650316238820213,7.89255180469492,2.140745029538384,6.455317507167486
513,50002303829,7.889435950989721,6.627408310113323,1.6209252532314304,5.034488755571915
514,50002340332,8.296504369538077,3.281052720084064,2.870436517739323,6.4402454882872435
515,50002299990,8.25110814189875,7.976869934302573,1.6757262951309015,6.685786090143243
516,50002153189,7.329864724245578,9.368089997376652,1.7265523377159155,6.614581680108993
517,50002350480,8.193172356369693,8.07563741763737,2.054452900335641,6.87982128688876
518,50000003141,7.3938280673063925,6.719487219687677,1.4766069223623859,6.841000411503858
519,50002286063,6.80867962021841,6.595241914194701,2.9943522831798712,6.460428600004267
520,50002292996,8.762769580308742,8.883802430022339,1.0155247771068658,5.899395921868639
521,50002159542,9.08881521548714,5.486955235228774,2.303347693323537,5.009848215642756
522,50002282284,4.804698972099853,3.6788796666020684,2.5056725753796947,6.264871754728719
523,50002303461,8.92691622112656,7.699256248357747,1.8637526326157627,7.050509957188233
524,50002196061,8.845129059117403,8.73628160070292,1.9842410063066462,7.8164295201505
525,50002288926,7.564072291580419,9.002003601517123,1.9991822681831484,7.10680141483313
526,50002352438,9.708185053380783,9.977413686091719,3.38630501289896,7.766513757330678
527,50002348455,8.189224704336398,6.837748253721862,2.975049831935336,6.668337550551859
528,50002282906,7.768270944741533,9.99440405054801,1.9539035914016698,7.6686613769750505
529,50001999277,7.102972816144103,8.068533538553229,2.9924656466158805,6.8438871542859765
530,50002052124,7.092970521814059,7.189527531942118,2.288190307182629,7.176837204466713
531,50002289272,8.17081850533808,4.751763807602423,2.2325541289612385,7.1510082904161685
532,50000030093,7.4847538574577515,7.143207315793345,2.798814155335901,7.095693991572235
533,50002301887,7.620474406706617,4.127857976131018,2.8416852743987304,6.807845884756091
